<?xml version='1.0' encoding='UTF-8'?>
<?artifactRepository version='1.1.0'?>
<repository name='AJDT Update Site' type='org.eclipse.equinox.p2.artifact.repository.simpleRepository' version='1'>
  <properties size='3'>
    <property name='p2.timestamp' value='1422928590517'/>
    <property name='publishPackFilesAsSiblings' value='true'/>
    <property name='p2.compressed' value='false'/>
  </properties>
  <mappings size='5'>
    <rule filter='(&amp; (classifier=osgi.bundle) (format=packed))' output='${repoUrl}/plugins/${id}_${version}.jar.pack.gz'/>
    <rule filter='(&amp; (classifier=osgi.bundle))' output='${repoUrl}/plugins/${id}_${version}.jar'/>
    <rule filter='(&amp; (classifier=binary))' output='${repoUrl}/binary/${id}_${version}'/>
    <rule filter='(&amp; (classifier=org.eclipse.update.feature) (format=packed))' output='${repoUrl}/features/${id}_${version}.jar.pack.gz'/>
    <rule filter='(&amp; (classifier=org.eclipse.update.feature))' output='${repoUrl}/features/${id}_${version}.jar'/>
  </mappings>
  <artifacts size='87'>
    <artifact classifier='osgi.bundle' id='org.eclipse.equinox.weaving.caching' version='1.0.400.weaving-hook-20140821'>
      <processing size='1'>
        <step id='org.eclipse.equinox.p2.processing.Pack200Unpacker' required='true'/>
      </processing>
      <properties size='4'>
        <property name='artifact.size' value='18411'/>
        <property name='download.size' value='8997'/>
        <property name='download.md5' value='c6f1a31ba8d96fe7d30de9e97b150143'/>
        <property name='format' value='packed'/>
      </properties>
    </artifact>
    <artifact classifier='osgi.bundle' id='org.eclipse.equinox.weaving.hook.source' version='1.1.100.weaving-hook-20140821'>
      <properties size='3'>
        <property name='artifact.size' value='39750'/>
        <property name='download.size' value='39750'/>
        <property name='download.md5' value='317a4ab6b8b79fe0f8e37f032061775b'/>
      </properties>
    </artifact>
    <artifact classifier='osgi.bundle' id='org.eclipse.contribution.weaving.jdt' version='2.2.4.e44x-20150202-1700'>
      <processing size='1'>
        <step id='org.eclipse.equinox.p2.processing.Pack200Unpacker' required='true'/>
      </processing>
      <properties size='4'>
        <property name='artifact.size' value='118243'/>
        <property name='download.size' value='80597'/>
        <property name='download.md5' value='ecea24ed3a3df3d43a03d61d778a4382'/>
        <property name='format' value='packed'/>
      </properties>
    </artifact>
    <artifact classifier='osgi.bundle' id='org.eclipse.equinox.weaving.caching.j9.source' version='1.0.200.weaving-hook-20140821'>
      <properties size='3'>
        <property name='artifact.size' value='10395'/>
        <property name='download.size' value='10395'/>
        <property name='download.md5' value='2003b961c15fe5311ee2e785ce2cad9e'/>
      </properties>
    </artifact>
    <artifact classifier='osgi.bundle' id='org.eclipse.ajdt.ui.tests' version='2.2.4.e44x-20150202-1700'>
      <properties size='3'>
        <property name='artifact.size' value='4006550'/>
        <property name='download.size' value='4006550'/>
        <property name='download.md5' value='fee418869ed9793c5c4def41abbb6977'/>
      </properties>
    </artifact>
    <artifact classifier='osgi.bundle' id='org.eclipse.equinox.weaving.aspectj.source' version='1.0.400.weaving-hook-20140821'>
      <properties size='3'>
        <property name='artifact.size' value='45832'/>
        <property name='download.size' value='45832'/>
        <property name='download.md5' value='24f530d3a4314eac524704f7dd2d24f3'/>
      </properties>
    </artifact>
    <artifact classifier='osgi.bundle' id='org.eclipse.equinox.weaving.aspectj' version='1.0.400.weaving-hook-20140821'>
      <properties size='3'>
        <property name='artifact.size' value='25443'/>
        <property name='download.size' value='25443'/>
        <property name='download.md5' value='84293f78df1c74b4064fa1cd0dc70947'/>
      </properties>
    </artifact>
    <artifact classifier='org.eclipse.update.feature' id='org.aspectj.source' version='1.8.5.20150128171000'>
      <properties size='4'>
        <property name='artifact.size' value='14968'/>
        <property name='download.size' value='14968'/>
        <property name='download.md5' value='af1c0b39c6249da4b308547f88831fed'/>
        <property name='download.contentType' value='application/zip'/>
      </properties>
    </artifact>
    <artifact classifier='osgi.bundle' id='org.eclipse.contribution.xref.core.source' version='2.2.4.e44x-20150202-1700'>
      <properties size='3'>
        <property name='artifact.size' value='29002'/>
        <property name='download.size' value='29002'/>
        <property name='download.md5' value='ea3fb3cee493560a1c5e62f22e650a0a'/>
      </properties>
    </artifact>
    <artifact classifier='osgi.bundle' id='org.eclipse.contribution.xref.core' version='2.2.4.e44x-20150202-1700'>
      <processing size='1'>
        <step id='org.eclipse.equinox.p2.processing.Pack200Unpacker' required='true'/>
      </processing>
      <properties size='4'>
        <property name='artifact.size' value='51480'/>
        <property name='download.size' value='26960'/>
        <property name='download.md5' value='654e24d1db56aeab4b43a9ba16dae31b'/>
        <property name='format' value='packed'/>
      </properties>
    </artifact>
    <artifact classifier='osgi.bundle' id='org.eclipse.ajdt.ui.source' version='2.2.4.e44x-20150202-1700'>
      <processing size='1'>
        <step id='org.eclipse.equinox.p2.processing.Pack200Unpacker' required='true'/>
      </processing>
      <properties size='4'>
        <property name='artifact.size' value='599984'/>
        <property name='download.size' value='428202'/>
        <property name='download.md5' value='c734b0a0b7360371e0c8b07993c56257'/>
        <property name='format' value='packed'/>
      </properties>
    </artifact>
    <artifact classifier='osgi.bundle' id='org.eclipse.equinox.weaving.caching.j9' version='1.0.200.weaving-hook-20140821'>
      <processing size='1'>
        <step id='org.eclipse.equinox.p2.processing.Pack200Unpacker' required='true'/>
      </processing>
      <properties size='4'>
        <property name='artifact.size' value='10676'/>
        <property name='download.size' value='6353'/>
        <property name='download.md5' value='9a219234397c0691c8a01945c17d2483'/>
        <property name='format' value='packed'/>
      </properties>
    </artifact>
    <artifact classifier='osgi.bundle' id='org.eclipse.ajdt.ui' version='2.2.4.e44x-20150202-1700'>
      <processing size='1'>
        <step id='org.eclipse.equinox.p2.processing.Pack200Unpacker' required='true'/>
      </processing>
      <properties size='4'>
        <property name='artifact.size' value='1336107'/>
        <property name='download.size' value='937489'/>
        <property name='download.md5' value='0ccc19555f6736d4ceea4217ea8c11ab'/>
        <property name='format' value='packed'/>
      </properties>
    </artifact>
    <artifact classifier='osgi.bundle' id='org.aspectj.runtime' version='1.8.5.20150128171000'>
      <processing size='1'>
        <step id='org.eclipse.equinox.p2.processing.Pack200Unpacker' required='true'/>
      </processing>
      <properties size='4'>
        <property name='artifact.size' value='134337'/>
        <property name='download.size' value='42150'/>
        <property name='download.md5' value='cc25c4d1c551be2c6a5704e354e6f160'/>
        <property name='format' value='packed'/>
      </properties>
    </artifact>
    <artifact classifier='osgi.bundle' id='org.eclipse.ajdt.doc.user' version='2.2.4.e44x-20150202-1700'>
      <processing size='1'>
        <step id='org.eclipse.equinox.p2.processing.Pack200Unpacker' required='true'/>
      </processing>
      <properties size='4'>
        <property name='artifact.size' value='333664'/>
        <property name='download.size' value='269638'/>
        <property name='download.md5' value='6e51f5e826bc8718e45769a173d3459e'/>
        <property name='format' value='packed'/>
      </properties>
    </artifact>
    <artifact classifier='osgi.bundle' id='org.aspectj.runtime.source.source' version='1.8.5.20150128171000'>
      <processing size='1'>
        <step id='org.eclipse.equinox.p2.processing.Pack200Unpacker' required='true'/>
      </processing>
      <properties size='4'>
        <property name='artifact.size' value='3919'/>
        <property name='download.size' value='3083'/>
        <property name='download.md5' value='0f1c243c12e38b3891629292be330cb2'/>
        <property name='format' value='packed'/>
      </properties>
    </artifact>
    <artifact classifier='osgi.bundle' id='org.aspectj.weaver.source' version='1.8.5.20150128171000'>
      <processing size='1'>
        <step id='org.eclipse.equinox.p2.processing.Pack200Unpacker' required='true'/>
      </processing>
      <properties size='4'>
        <property name='artifact.size' value='1041037'/>
        <property name='download.size' value='747904'/>
        <property name='download.md5' value='d284da3dfb02abee97394d753b9a0a4d'/>
        <property name='format' value='packed'/>
      </properties>
    </artifact>
    <artifact classifier='org.eclipse.update.feature' id='org.eclipse.ajdt.source' version='2.2.4.e44x-20150202-1700'>
      <properties size='4'>
        <property name='artifact.size' value='15144'/>
        <property name='download.size' value='15144'/>
        <property name='download.md5' value='2380ae474e93b2ce0a012d097e4e8698'/>
        <property name='download.contentType' value='application/zip'/>
      </properties>
    </artifact>
    <artifact classifier='osgi.bundle' id='org.eclipse.contribution.xref.ui' version='2.2.4.e44x-20150202-1700'>
      <properties size='3'>
        <property name='artifact.size' value='114712'/>
        <property name='download.size' value='114712'/>
        <property name='download.md5' value='76267c4472a1b95c93fecce2a0d2732b'/>
      </properties>
    </artifact>
    <artifact classifier='osgi.bundle' id='org.aspectj.ajde.source' version='1.8.5.20150128171000'>
      <processing size='1'>
        <step id='org.eclipse.equinox.p2.processing.Pack200Unpacker' required='true'/>
      </processing>
      <properties size='4'>
        <property name='artifact.size' value='5236142'/>
        <property name='download.size' value='3862534'/>
        <property name='download.md5' value='2bb58c2524786249f78ef3ed7a5579d5'/>
        <property name='format' value='packed'/>
      </properties>
    </artifact>
    <artifact classifier='osgi.bundle' id='org.eclipse.equinox.weaving.aspectj' version='1.0.400.weaving-hook-20140821'>
      <processing size='1'>
        <step id='org.eclipse.equinox.p2.processing.Pack200Unpacker' required='true'/>
      </processing>
      <properties size='4'>
        <property name='artifact.size' value='25443'/>
        <property name='download.size' value='11825'/>
        <property name='download.md5' value='ccd403d4a6e0ae3907d9aaa77b58151f'/>
        <property name='format' value='packed'/>
      </properties>
    </artifact>
    <artifact classifier='osgi.bundle' id='org.eclipse.aspectj' version='2.2.4.e44x-20150202-1700'>
      <properties size='3'>
        <property name='artifact.size' value='202579'/>
        <property name='download.size' value='202579'/>
        <property name='download.md5' value='f7b01089cba20ca848c5f401a3c6610e'/>
      </properties>
    </artifact>
    <artifact classifier='osgi.bundle' id='org.eclipse.contribution.xref.ui.source' version='2.2.4.e44x-20150202-1700'>
      <properties size='3'>
        <property name='artifact.size' value='55873'/>
        <property name='download.size' value='55873'/>
        <property name='download.md5' value='c73f3e9b6b049ef98eb9b3aac651a78f'/>
      </properties>
    </artifact>
    <artifact classifier='osgi.bundle' id='org.eclipse.ajdt.mylyn.ui' version='2.2.4.e44x-20150202-1700'>
      <processing size='1'>
        <step id='org.eclipse.equinox.p2.processing.Pack200Unpacker' required='true'/>
      </processing>
      <properties size='4'>
        <property name='artifact.size' value='31024'/>
        <property name='download.size' value='20424'/>
        <property name='download.md5' value='f571332c14d0ad454d9e236d62d050d1'/>
        <property name='format' value='packed'/>
      </properties>
    </artifact>
    <artifact classifier='osgi.bundle' id='org.eclipse.ajdt.mylyn.ui' version='2.2.4.e44x-20150202-1700'>
      <properties size='3'>
        <property name='artifact.size' value='31024'/>
        <property name='download.size' value='31024'/>
        <property name='download.md5' value='bf305113561491d9d8e1e259b5bc9f3c'/>
      </properties>
    </artifact>
    <artifact classifier='osgi.bundle' id='org.eclipse.ajdt.core.tests' version='2.2.4.e44x-20150202-1700'>
      <properties size='3'>
        <property name='artifact.size' value='611627'/>
        <property name='download.size' value='611627'/>
        <property name='download.md5' value='025aa10fdf3ede2dc31b94c0cfe9257c'/>
      </properties>
    </artifact>
    <artifact classifier='osgi.bundle' id='org.eclipse.equinox.weaving.aspectj.source' version='1.0.400.weaving-hook-20140821'>
      <processing size='1'>
        <step id='org.eclipse.equinox.p2.processing.Pack200Unpacker' required='true'/>
      </processing>
      <properties size='4'>
        <property name='artifact.size' value='45832'/>
        <property name='download.size' value='28029'/>
        <property name='download.md5' value='6f5fb1c4fc1dd2c216fd7d43958923d0'/>
        <property name='format' value='packed'/>
      </properties>
    </artifact>
    <artifact classifier='osgi.bundle' id='org.aspectj.runtime.source' version='1.8.5.20150128171000'>
      <processing size='1'>
        <step id='org.eclipse.equinox.p2.processing.Pack200Unpacker' required='true'/>
      </processing>
      <properties size='4'>
        <property name='artifact.size' value='125722'/>
        <property name='download.size' value='52371'/>
        <property name='download.md5' value='43be322d09d567509d64eb74f383460b'/>
        <property name='format' value='packed'/>
      </properties>
    </artifact>
    <artifact classifier='osgi.bundle' id='org.eclipse.ajdt.examples.source' version='2.2.4.e44x-20150202-1700'>
      <processing size='1'>
        <step id='org.eclipse.equinox.p2.processing.Pack200Unpacker' required='true'/>
      </processing>
      <properties size='4'>
        <property name='artifact.size' value='15681'/>
        <property name='download.size' value='10366'/>
        <property name='download.md5' value='61b674b7a976d569c3e0a400eabf5e02'/>
        <property name='format' value='packed'/>
      </properties>
    </artifact>
    <artifact classifier='osgi.bundle' id='org.eclipse.contribution.weaving.jdt.tests' version='2.2.4.e44x-20150202-1700'>
      <properties size='3'>
        <property name='artifact.size' value='63927'/>
        <property name='download.size' value='63927'/>
        <property name='download.md5' value='d4709dcbfe78bd4d4fef4fb0948038f0'/>
      </properties>
    </artifact>
    <artifact classifier='osgi.bundle' id='org.eclipse.ajdt.core.source' version='2.2.4.e44x-20150202-1700'>
      <properties size='3'>
        <property name='artifact.size' value='405866'/>
        <property name='download.size' value='405866'/>
        <property name='download.md5' value='48dc344eceaf0bab49ca9556c8cf2bde'/>
      </properties>
    </artifact>
    <artifact classifier='osgi.bundle' id='org.eclipse.ajdt.core' version='2.2.4.e44x-20150202-1700'>
      <processing size='1'>
        <step id='org.eclipse.equinox.p2.processing.Pack200Unpacker' required='true'/>
      </processing>
      <properties size='4'>
        <property name='artifact.size' value='688604'/>
        <property name='download.size' value='527324'/>
        <property name='download.md5' value='24ebe6200105fb28fed8818206cc269b'/>
        <property name='format' value='packed'/>
      </properties>
    </artifact>
    <artifact classifier='org.eclipse.update.feature' id='org.eclipse.contribution.weaving' version='2.2.4.e44x-20150202-1700'>
      <properties size='4'>
        <property name='artifact.size' value='16217'/>
        <property name='download.size' value='16217'/>
        <property name='download.md5' value='a190180d8ca73968988971787e24f309'/>
        <property name='download.contentType' value='application/zip'/>
      </properties>
    </artifact>
    <artifact classifier='osgi.bundle' id='org.eclipse.contribution.xref.ui.tests' version='2.2.4.e44x-20150202-1700'>
      <properties size='3'>
        <property name='artifact.size' value='16144'/>
        <property name='download.size' value='16144'/>
        <property name='download.md5' value='b31e8a79709c221c5ff42903af1b952f'/>
      </properties>
    </artifact>
    <artifact classifier='osgi.bundle' id='org.eclipse.equinox.weaving.hook' version='1.1.100.weaving-hook-20140821'>
      <properties size='3'>
        <property name='artifact.size' value='40561'/>
        <property name='download.size' value='40561'/>
        <property name='download.md5' value='87697952503fc2e3591bc4855b20978b'/>
      </properties>
    </artifact>
    <artifact classifier='osgi.bundle' id='org.eclipse.contribution.visualiser' version='2.2.4.e44x-20150202-1700'>
      <properties size='3'>
        <property name='artifact.size' value='1349333'/>
        <property name='download.size' value='1349333'/>
        <property name='download.md5' value='6f58f71e0a1ebcbda6c8474db3d7e732'/>
      </properties>
    </artifact>
    <artifact classifier='osgi.bundle' id='org.eclipse.contribution.xref.core' version='2.2.4.e44x-20150202-1700'>
      <properties size='3'>
        <property name='artifact.size' value='51480'/>
        <property name='download.size' value='51480'/>
        <property name='download.md5' value='f95c19afde36d072eeb4f1ca6d7a2070'/>
      </properties>
    </artifact>
    <artifact classifier='osgi.bundle' id='org.eclipse.ajdt.ui.source' version='2.2.4.e44x-20150202-1700'>
      <properties size='3'>
        <property name='artifact.size' value='599984'/>
        <property name='download.size' value='599984'/>
        <property name='download.md5' value='41188a12f24feb946b81d4c08f406b5e'/>
      </properties>
    </artifact>
    <artifact classifier='osgi.bundle' id='org.eclipse.ajdt.examples' version='2.2.4.e44x-20150202-1700'>
      <processing size='1'>
        <step id='org.eclipse.equinox.p2.processing.Pack200Unpacker' required='true'/>
      </processing>
      <properties size='4'>
        <property name='artifact.size' value='138600'/>
        <property name='download.size' value='91308'/>
        <property name='download.md5' value='e430694ba3f72fe23c4559143e2d2356'/>
        <property name='format' value='packed'/>
      </properties>
    </artifact>
    <artifact classifier='osgi.bundle' id='org.eclipse.contribution.visualiser.tests' version='2.2.4.e44x-20150202-1700'>
      <properties size='3'>
        <property name='artifact.size' value='15908'/>
        <property name='download.size' value='15908'/>
        <property name='download.md5' value='79560787fc2310dac227c6c388c4b951'/>
      </properties>
    </artifact>
    <artifact classifier='osgi.bundle' id='org.eclipse.ajdt.core.source' version='2.2.4.e44x-20150202-1700'>
      <processing size='1'>
        <step id='org.eclipse.equinox.p2.processing.Pack200Unpacker' required='true'/>
      </processing>
      <properties size='4'>
        <property name='artifact.size' value='405866'/>
        <property name='download.size' value='302744'/>
        <property name='download.md5' value='723f044016159cb9c352e352c5159ca2'/>
        <property name='format' value='packed'/>
      </properties>
    </artifact>
    <artifact classifier='osgi.bundle' id='org.eclipse.equinox.weaving.hook' version='1.1.100.weaving-hook-20140821'>
      <processing size='1'>
        <step id='org.eclipse.equinox.p2.processing.Pack200Unpacker' required='true'/>
      </processing>
      <properties size='4'>
        <property name='artifact.size' value='40561'/>
        <property name='download.size' value='15325'/>
        <property name='download.md5' value='3e58e8ec06f2976ecc93a8113e4dec89'/>
        <property name='format' value='packed'/>
      </properties>
    </artifact>
    <artifact classifier='osgi.bundle' id='org.aspectj.ajde' version='1.8.5.20150128171000'>
      <properties size='3'>
        <property name='artifact.size' value='7421285'/>
        <property name='download.size' value='7421285'/>
        <property name='download.md5' value='652475751ad47bd6340b60964442f6fe'/>
      </properties>
    </artifact>
    <artifact classifier='osgi.bundle' id='org.aspectj.runtime.source' version='1.8.5.20150128171000'>
      <properties size='3'>
        <property name='artifact.size' value='125722'/>
        <property name='download.size' value='125722'/>
        <property name='download.md5' value='eb54c20b404992940b80161b60c24522'/>
      </properties>
    </artifact>
    <artifact classifier='osgi.bundle' id='org.eclipse.contribution.xref.ui.tests' version='2.2.4.e44x-20150202-1700'>
      <processing size='1'>
        <step id='org.eclipse.equinox.p2.processing.Pack200Unpacker' required='true'/>
      </processing>
      <properties size='4'>
        <property name='artifact.size' value='16144'/>
        <property name='download.size' value='10902'/>
        <property name='download.md5' value='a19c89363c4c399bce0c312ea741f031'/>
        <property name='format' value='packed'/>
      </properties>
    </artifact>
    <artifact classifier='org.eclipse.update.feature' id='org.eclipse.contribution.weaving.source' version='2.2.4.e44x-20150202-1700'>
      <properties size='4'>
        <property name='artifact.size' value='15079'/>
        <property name='download.size' value='15079'/>
        <property name='download.md5' value='f3ed0e794474f8873f737f1520ca037e'/>
        <property name='download.contentType' value='application/zip'/>
      </properties>
    </artifact>
    <artifact classifier='osgi.bundle' id='org.eclipse.contribution.weaving.jdt' version='2.2.4.e44x-20150202-1700'>
      <properties size='3'>
        <property name='artifact.size' value='118243'/>
        <property name='download.size' value='118243'/>
        <property name='download.md5' value='42382dc1823f6ee48577212581385641'/>
      </properties>
    </artifact>
    <artifact classifier='osgi.bundle' id='org.eclipse.contribution.weaving.jdt.tests' version='2.2.4.e44x-20150202-1700'>
      <processing size='1'>
        <step id='org.eclipse.equinox.p2.processing.Pack200Unpacker' required='true'/>
      </processing>
      <properties size='4'>
        <property name='artifact.size' value='63927'/>
        <property name='download.size' value='45627'/>
        <property name='download.md5' value='0ea0af2df207ce914b5a14e5b860edb5'/>
        <property name='format' value='packed'/>
      </properties>
    </artifact>
    <artifact classifier='osgi.bundle' id='org.eclipse.contribution.visualiser' version='2.2.4.e44x-20150202-1700'>
      <processing size='1'>
        <step id='org.eclipse.equinox.p2.processing.Pack200Unpacker' required='true'/>
      </processing>
      <properties size='4'>
        <property name='artifact.size' value='1349333'/>
        <property name='download.size' value='703302'/>
        <property name='download.md5' value='afe62393bae2ab604fc62a9617b623ef'/>
        <property name='format' value='packed'/>
      </properties>
    </artifact>
    <artifact classifier='osgi.bundle' id='org.eclipse.ajdt.core' version='2.2.4.e44x-20150202-1700'>
      <properties size='3'>
        <property name='artifact.size' value='688604'/>
        <property name='download.size' value='688604'/>
        <property name='download.md5' value='987b65897cd53b0552229e3e2b5aeef1'/>
      </properties>
    </artifact>
    <artifact classifier='osgi.bundle' id='org.aspectj.runtime' version='1.8.5.20150128171000'>
      <properties size='3'>
        <property name='artifact.size' value='134337'/>
        <property name='download.size' value='134337'/>
        <property name='download.md5' value='48c73d964f7eca054ad0c5c4cbb74d33'/>
      </properties>
    </artifact>
    <artifact classifier='org.eclipse.update.feature' id='org.eclipse.contribution.xref' version='2.2.4.e44x-20150202-1700'>
      <properties size='4'>
        <property name='artifact.size' value='16177'/>
        <property name='download.size' value='16177'/>
        <property name='download.md5' value='c3745d812f220f665f6d9676d057cedf'/>
        <property name='download.contentType' value='application/zip'/>
      </properties>
    </artifact>
    <artifact classifier='osgi.bundle' id='org.aspectj.weaver.source' version='1.8.5.20150128171000'>
      <properties size='3'>
        <property name='artifact.size' value='1041037'/>
        <property name='download.size' value='1041037'/>
        <property name='download.md5' value='2264f59288af1df6783b57d34b287bf5'/>
      </properties>
    </artifact>
    <artifact classifier='org.eclipse.update.feature' id='org.aspectj' version='1.8.5.20150128171000'>
      <properties size='4'>
        <property name='artifact.size' value='15921'/>
        <property name='download.size' value='15921'/>
        <property name='download.md5' value='33cd2d7138a3254f000e9e3afbad1cc8'/>
        <property name='download.contentType' value='application/zip'/>
      </properties>
    </artifact>
    <artifact classifier='osgi.bundle' id='org.eclipse.contribution.visualiser.source' version='2.2.4.e44x-20150202-1700'>
      <processing size='1'>
        <step id='org.eclipse.equinox.p2.processing.Pack200Unpacker' required='true'/>
      </processing>
      <properties size='4'>
        <property name='artifact.size' value='118012'/>
        <property name='download.size' value='71348'/>
        <property name='download.md5' value='5be8ae44691edd79bd95012248458d48'/>
        <property name='format' value='packed'/>
      </properties>
    </artifact>
    <artifact classifier='osgi.bundle' id='org.eclipse.equinox.weaving.hook.source' version='1.1.100.weaving-hook-20140821'>
      <processing size='1'>
        <step id='org.eclipse.equinox.p2.processing.Pack200Unpacker' required='true'/>
      </processing>
      <properties size='4'>
        <property name='artifact.size' value='39750'/>
        <property name='download.size' value='22003'/>
        <property name='download.md5' value='7b5018c5ea19edca1d9550604b8dd57d'/>
        <property name='format' value='packed'/>
      </properties>
    </artifact>
    <artifact classifier='osgi.bundle' id='org.aspectj.ajde' version='1.8.5.20150128171000'>
      <processing size='1'>
        <step id='org.eclipse.equinox.p2.processing.Pack200Unpacker' required='true'/>
      </processing>
      <properties size='4'>
        <property name='artifact.size' value='7421285'/>
        <property name='download.size' value='5749546'/>
        <property name='download.md5' value='f18e53fb82eb3dd868efae43a37449d7'/>
        <property name='format' value='packed'/>
      </properties>
    </artifact>
    <artifact classifier='osgi.bundle' id='org.eclipse.contribution.weaving.jdt.source' version='2.2.4.e44x-20150202-1700'>
      <properties size='3'>
        <property name='artifact.size' value='65656'/>
        <property name='download.size' value='65656'/>
        <property name='download.md5' value='efe8d789d8c502cbc6a884e1fe0bfa89'/>
      </properties>
    </artifact>
    <artifact classifier='osgi.bundle' id='org.eclipse.ajdt.doc.user' version='2.2.4.e44x-20150202-1700'>
      <properties size='3'>
        <property name='artifact.size' value='333664'/>
        <property name='download.size' value='333664'/>
        <property name='download.md5' value='8fe70dc95065b7a96e30d5aa4b7bfa25'/>
      </properties>
    </artifact>
    <artifact classifier='osgi.bundle' id='org.eclipse.ajdt.ui' version='2.2.4.e44x-20150202-1700'>
      <properties size='3'>
        <property name='artifact.size' value='1336107'/>
        <property name='download.size' value='1336107'/>
        <property name='download.md5' value='7ac0f2147c899a7351a2b34dc86b3dc1'/>
      </properties>
    </artifact>
    <artifact classifier='osgi.bundle' id='org.eclipse.contribution.visualiser.source' version='2.2.4.e44x-20150202-1700'>
      <properties size='3'>
        <property name='artifact.size' value='118012'/>
        <property name='download.size' value='118012'/>
        <property name='download.md5' value='c08a881fe6b28a7e480dd6e4274e07ec'/>
      </properties>
    </artifact>
    <artifact classifier='osgi.bundle' id='org.eclipse.contribution.weaving.jdt.source' version='2.2.4.e44x-20150202-1700'>
      <processing size='1'>
        <step id='org.eclipse.equinox.p2.processing.Pack200Unpacker' required='true'/>
      </processing>
      <properties size='4'>
        <property name='artifact.size' value='65656'/>
        <property name='download.size' value='35976'/>
        <property name='download.md5' value='5656b47b9cbc727eb8b90d76b04f8602'/>
        <property name='format' value='packed'/>
      </properties>
    </artifact>
    <artifact classifier='osgi.bundle' id='org.eclipse.contribution.xref.ui.source' version='2.2.4.e44x-20150202-1700'>
      <processing size='1'>
        <step id='org.eclipse.equinox.p2.processing.Pack200Unpacker' required='true'/>
      </processing>
      <properties size='4'>
        <property name='artifact.size' value='55873'/>
        <property name='download.size' value='34850'/>
        <property name='download.md5' value='195f958b729f084b3fd9a712e250389d'/>
        <property name='format' value='packed'/>
      </properties>
    </artifact>
    <artifact classifier='osgi.bundle' id='org.eclipse.equinox.weaving.caching.source' version='1.0.400.weaving-hook-20140821'>
      <processing size='1'>
        <step id='org.eclipse.equinox.p2.processing.Pack200Unpacker' required='true'/>
      </processing>
      <properties size='4'>
        <property name='artifact.size' value='17737'/>
        <property name='download.size' value='10850'/>
        <property name='download.md5' value='898b587e19d95b920b5fcdeab900d058'/>
        <property name='format' value='packed'/>
      </properties>
    </artifact>
    <artifact classifier='org.eclipse.update.feature' id='org.eclipse.contribution.xref.source' version='2.2.4.e44x-20150202-1700'>
      <properties size='4'>
        <property name='artifact.size' value='15114'/>
        <property name='download.size' value='15114'/>
        <property name='download.md5' value='041a5ac2f659d23a1f12669fbf6b432e'/>
        <property name='download.contentType' value='application/zip'/>
      </properties>
    </artifact>
    <artifact classifier='osgi.bundle' id='org.eclipse.ajdt.mylyn.ui.source' version='2.2.4.e44x-20150202-1700'>
      <processing size='1'>
        <step id='org.eclipse.equinox.p2.processing.Pack200Unpacker' required='true'/>
      </processing>
      <properties size='4'>
        <property name='artifact.size' value='11522'/>
        <property name='download.size' value='7176'/>
        <property name='download.md5' value='f28af33695e9df45b7184871bbc108e5'/>
        <property name='format' value='packed'/>
      </properties>
    </artifact>
    <artifact classifier='osgi.bundle' id='org.aspectj.runtime.source.source' version='1.8.5.20150128171000'>
      <properties size='3'>
        <property name='artifact.size' value='3919'/>
        <property name='download.size' value='3919'/>
        <property name='download.md5' value='098662fa37eb2f7ef742fd77454cd18c'/>
      </properties>
    </artifact>
    <artifact classifier='osgi.bundle' id='org.eclipse.ajdt.examples' version='2.2.4.e44x-20150202-1700'>
      <properties size='3'>
        <property name='artifact.size' value='138600'/>
        <property name='download.size' value='138600'/>
        <property name='download.md5' value='1bc336da3de70efdf68743efd2af3456'/>
      </properties>
    </artifact>
    <artifact classifier='osgi.bundle' id='org.eclipse.contribution.xref.core.tests' version='2.2.4.e44x-20150202-1700'>
      <properties size='3'>
        <property name='artifact.size' value='19383'/>
        <property name='download.size' value='19383'/>
        <property name='download.md5' value='403a8c82d5ad6b8faac8d6222b713314'/>
      </properties>
    </artifact>
    <artifact classifier='osgi.bundle' id='org.aspectj.weaver' version='1.8.5.20150128171000'>
      <properties size='3'>
        <property name='artifact.size' value='1795786'/>
        <property name='download.size' value='1795786'/>
        <property name='download.md5' value='2d4f20ae722d06c936f96cd5c0a79662'/>
      </properties>
    </artifact>
    <artifact classifier='osgi.bundle' id='org.eclipse.ajdt.examples.source' version='2.2.4.e44x-20150202-1700'>
      <properties size='3'>
        <property name='artifact.size' value='15681'/>
        <property name='download.size' value='15681'/>
        <property name='download.md5' value='f93bc38389c778983213dea1f823235e'/>
      </properties>
    </artifact>
    <artifact classifier='osgi.bundle' id='org.eclipse.contribution.xref.core.source' version='2.2.4.e44x-20150202-1700'>
      <processing size='1'>
        <step id='org.eclipse.equinox.p2.processing.Pack200Unpacker' required='true'/>
      </processing>
      <properties size='4'>
        <property name='artifact.size' value='29002'/>
        <property name='download.size' value='15462'/>
        <property name='download.md5' value='0e5854b847859c8a260652b63af76cab'/>
        <property name='format' value='packed'/>
      </properties>
    </artifact>
    <artifact classifier='osgi.bundle' id='org.eclipse.contribution.visualiser.tests' version='2.2.4.e44x-20150202-1700'>
      <processing size='1'>
        <step id='org.eclipse.equinox.p2.processing.Pack200Unpacker' required='true'/>
      </processing>
      <properties size='4'>
        <property name='artifact.size' value='15908'/>
        <property name='download.size' value='11392'/>
        <property name='download.md5' value='97ea553214ddbdff2561e451c4b96403'/>
        <property name='format' value='packed'/>
      </properties>
    </artifact>
    <artifact classifier='osgi.bundle' id='org.aspectj.ajde.source' version='1.8.5.20150128171000'>
      <properties size='3'>
        <property name='artifact.size' value='5236142'/>
        <property name='download.size' value='5236142'/>
        <property name='download.md5' value='455b7eca93f95f026ab63d117db87dd3'/>
      </properties>
    </artifact>
    <artifact classifier='org.eclipse.update.feature' id='org.eclipse.ajdt' version='2.2.4.e44x-20150202-1700'>
      <properties size='4'>
        <property name='artifact.size' value='16623'/>
        <property name='download.size' value='16623'/>
        <property name='download.md5' value='1a4ec082b77c2a9ce0c0101f86d3eb4f'/>
        <property name='download.contentType' value='application/zip'/>
      </properties>
    </artifact>
    <artifact classifier='osgi.bundle' id='org.eclipse.contribution.xref.core.tests' version='2.2.4.e44x-20150202-1700'>
      <processing size='1'>
        <step id='org.eclipse.equinox.p2.processing.Pack200Unpacker' required='true'/>
      </processing>
      <properties size='4'>
        <property name='artifact.size' value='19383'/>
        <property name='download.size' value='11839'/>
        <property name='download.md5' value='67691fb45646705666f06599155137e1'/>
        <property name='format' value='packed'/>
      </properties>
    </artifact>
    <artifact classifier='osgi.bundle' id='org.eclipse.equinox.weaving.caching.j9.source' version='1.0.200.weaving-hook-20140821'>
      <processing size='1'>
        <step id='org.eclipse.equinox.p2.processing.Pack200Unpacker' required='true'/>
      </processing>
      <properties size='4'>
        <property name='artifact.size' value='10395'/>
        <property name='download.size' value='6765'/>
        <property name='download.md5' value='44324275ce9460fba3a60c39c80cf366'/>
        <property name='format' value='packed'/>
      </properties>
    </artifact>
    <artifact classifier='osgi.bundle' id='org.eclipse.aspectj' version='2.2.4.e44x-20150202-1700'>
      <processing size='1'>
        <step id='org.eclipse.equinox.p2.processing.Pack200Unpacker' required='true'/>
      </processing>
      <properties size='4'>
        <property name='artifact.size' value='202579'/>
        <property name='download.size' value='163820'/>
        <property name='download.md5' value='fa266b04bb2a72b3d5f34b62691ce92e'/>
        <property name='format' value='packed'/>
      </properties>
    </artifact>
    <artifact classifier='osgi.bundle' id='org.eclipse.equinox.weaving.caching' version='1.0.400.weaving-hook-20140821'>
      <properties size='3'>
        <property name='artifact.size' value='18411'/>
        <property name='download.size' value='18411'/>
        <property name='download.md5' value='7e69c699ee86a79b7ea9ba3e93e2dc9c'/>
      </properties>
    </artifact>
    <artifact classifier='osgi.bundle' id='org.eclipse.equinox.weaving.caching.source' version='1.0.400.weaving-hook-20140821'>
      <properties size='3'>
        <property name='artifact.size' value='17737'/>
        <property name='download.size' value='17737'/>
        <property name='download.md5' value='e288ee8e8c2ee511329ce86fa171bafc'/>
      </properties>
    </artifact>
    <artifact classifier='org.eclipse.update.feature' id='org.eclipse.equinox.weaving.sdk' version='1.1.0.weaving-hook-20140821'>
      <properties size='4'>
        <property name='artifact.size' value='15845'/>
        <property name='download.size' value='15845'/>
        <property name='download.md5' value='f046cf811ad60c41c39d263890f9896f'/>
        <property name='download.contentType' value='application/zip'/>
      </properties>
    </artifact>
    <artifact classifier='osgi.bundle' id='org.eclipse.equinox.weaving.caching.j9' version='1.0.200.weaving-hook-20140821'>
      <properties size='3'>
        <property name='artifact.size' value='10676'/>
        <property name='download.size' value='10676'/>
        <property name='download.md5' value='a3f35cc86cdf757116b850764bedfe19'/>
      </properties>
    </artifact>
    <artifact classifier='osgi.bundle' id='org.eclipse.ajdt.mylyn.ui.source' version='2.2.4.e44x-20150202-1700'>
      <properties size='3'>
        <property name='artifact.size' value='11522'/>
        <property name='download.size' value='11522'/>
        <property name='download.md5' value='d493a0272543c1ec4138ff0486e98e18'/>
      </properties>
    </artifact>
    <artifact classifier='org.eclipse.update.feature' id='org.eclipse.aspectj.feature_tests' version='2.2.4.e44x-20150202-1700'>
      <properties size='4'>
        <property name='artifact.size' value='15985'/>
        <property name='download.size' value='15985'/>
        <property name='download.md5' value='c4f589fa1bc68e1d9927fa9e26f32ad3'/>
        <property name='download.contentType' value='application/zip'/>
      </properties>
    </artifact>
    <artifact classifier='osgi.bundle' id='org.aspectj.weaver' version='1.8.5.20150128171000'>
      <processing size='1'>
        <step id='org.eclipse.equinox.p2.processing.Pack200Unpacker' required='true'/>
      </processing>
      <properties size='4'>
        <property name='artifact.size' value='1795786'/>
        <property name='download.size' value='567535'/>
        <property name='download.md5' value='5b085524103bf25d73239dbdeab118c0'/>
        <property name='format' value='packed'/>
      </properties>
    </artifact>
    <artifact classifier='osgi.bundle' id='org.eclipse.contribution.xref.ui' version='2.2.4.e44x-20150202-1700'>
      <processing size='1'>
        <step id='org.eclipse.equinox.p2.processing.Pack200Unpacker' required='true'/>
      </processing>
      <properties size='4'>
        <property name='artifact.size' value='114712'/>
        <property name='download.size' value='71929'/>
        <property name='download.md5' value='111aaf5808f16740e831c83f47a73fa2'/>
        <property name='format' value='packed'/>
      </properties>
    </artifact>
    <artifact classifier='org.eclipse.update.feature' id='org.eclipse.ajdt.sdk' version='2.2.4.e44x-20150202-1700'>
      <properties size='4'>
        <property name='artifact.size' value='16694'/>
        <property name='download.size' value='16694'/>
        <property name='download.md5' value='46a78d9dcf9fc81b17cc438a67e63569'/>
        <property name='download.contentType' value='application/zip'/>
      </properties>
    </artifact>
  </artifacts>
</repository>
